id;name;image;image_content_type
1;regarding measly;../fake-data/blob/hipster.png;image/png
2;slushy;../fake-data/blob/hipster.png;image/png
3;mammoth hence yet;../fake-data/blob/hipster.png;image/png
4;beside antagonize;../fake-data/blob/hipster.png;image/png
5;inwardly;../fake-data/blob/hipster.png;image/png
6;brr of sometimes;../fake-data/blob/hipster.png;image/png
7;below;../fake-data/blob/hipster.png;image/png
8;ethernet than phooey;../fake-data/blob/hipster.png;image/png
9;agonizing zephyr;../fake-data/blob/hipster.png;image/png
10;while circa fava;../fake-data/blob/hipster.png;image/png
