id;name;cover;cover_content_type
1;jaggedly;../fake-data/blob/hipster.png;image/png
2;midst;../fake-data/blob/hipster.png;image/png
3;choose;../fake-data/blob/hipster.png;image/png
4;absolute;../fake-data/blob/hipster.png;image/png
5;awareness waterlogged;../fake-data/blob/hipster.png;image/png
6;gosh abide;../fake-data/blob/hipster.png;image/png
7;glimpse;../fake-data/blob/hipster.png;image/png
8;with thumb angrily;../fake-data/blob/hipster.png;image/png
9;jolly field;../fake-data/blob/hipster.png;image/png
10;terrific;../fake-data/blob/hipster.png;image/png
